{
  "AUC": 0.773513801083716,
  "AP": 0.5439499480532137,
  "threshold_opt": 0.15,
  "cost_opt": 3369.0
}
